{"version": 2, "width": 80, "height": 24, "timestamp": 1721688268, "env": {"SHELL": "/bin/bash", "TERM": "xterm-256color"}}
[0.325122, "o", "\u001b]0;gabriel@gabriel-HP-ENVY-Laptop-14-eb0xxx: ~/Desktop/IA/Projet/TPG-ia_107348_107603_107876\u0007\u001b[01;32mgabriel@gabriel-HP-ENVY-Laptop-14-eb0xxx\u001b[00m:\u001b[01;34m~/Desktop/IA/Projet/TPG-ia_107348_107603_107876\u001b[00m$ "]
[11.508576, "o", "asciinema play my_recording.json\r\n"]
[11.935892, "o", "\u001b]0;gabriel@gabriel-HP-ENVY-Laptop-14-eb0xxx: ~/Desktop/IA/Projet/TPG-ia_107348_107603_107876\u0007\u001b[01;32mgabriel@gabriel-HP-ENVY-Laptop-14-eb0xxx\u001b[00m:\u001b[01;34m~/Desktop/IA/Projet/TPG-ia_107348_107603_107876\u001b[00m$ "]
[23.126693, "o", "asciinema play my_recording.json\r\n"]
[23.546646, "o", "\u001b]0;gabriel@gabriel-HP-ENVY-Laptop-14-eb0xxx: ~/Desktop/IA/Projet/TPG-ia_107348_107603_107876\u0007\u001b[01;32mgabriel@gabriel-HP-ENVY-Laptop-14-eb0xxx\u001b[00m:\u001b[01;34m~/Desktop/IA/Projet/TPG-ia_107348_107603_107876\u001b[00m$ "]
[47.423112, "o", "asciinema play my_recording.json\r\n\u001b]0;gabriel@gabriel-HP-ENVY-Laptop-14-eb0xxx: ~/Desktop/IA/Projet/TPG-ia_107348_107603_107876\u0007\u001b[01;32mgabriel@gabriel-HP-ENVY-Laptop-14-eb0xxx\u001b[00m:\u001b[01;34m~/Desktop/IA/Projet/TPG-ia_107348_107603_107876\u001b[00m$ "]
[47.435195, "o", "\u001b]0;gabriel@gabriel-HP-ENVY-Laptop-14-eb0xxx: ~/Desktop/IA/Projet/TPG-ia_107348_107603_107876\u0007\u001b[01;32mgabriel@gabriel-HP-ENVY-Laptop-14-eb0xxx\u001b[00m:\u001b[01;34m~/Desktop/IA/Projet/TPG-ia_107348_107603_107876\u001b[00m$ "]
[48.209982, "o", "e"]
[48.421619, "o", "x"]
[48.645813, "o", "i"]
[49.005503, "o", "t"]
[49.211126, "o", "\r\n"]
[49.211216, "o", "exit\r\n"]
